year,trades,wins,losses,win_rate,gross_profit,gross_loss,net_pnl
2021,17,11,6,0.6470588235294118,6490.483500000012,1908.3384999999996,4582.145000000012
2022,73,55,18,0.7534246575342466,52694.741,8925.995999999992,43768.74500000001
2023,33,25,8,0.7575757575757576,16919.803000000007,2886.016499999997,14033.786500000007
2024,46,26,20,0.5652173913043478,35365.8355,10584.021000000006,24781.8145
2025,9,2,7,0.2222222222222222,11616.784500000002,6098.377499999997,5518.407000000003
ALL,178,119,59,0.6685393258426966,123087.64750000002,30402.74949999999,92684.89800000004
